Date,Series,Value
2019-05-01,Article Count,3
2019-05-01,Total Monitored Articles,485506
2019-05-02,Article Count,3
2019-05-02,Total Monitored Articles,549026
2019-05-03,Article Count,3
2019-05-03,Total Monitored Articles,530092
2019-05-04,Article Count,0
2019-05-04,Total Monitored Articles,355768
2019-05-05,Article Count,2
2019-05-05,Total Monitored Articles,341957
2019-05-06,Article Count,7
2019-05-06,Total Monitored Articles,515301
2019-05-07,Article Count,9
2019-05-07,Total Monitored Articles,574256
2019-05-08,Article Count,31
2019-05-08,Total Monitored Articles,582183
2019-05-09,Article Count,3
2019-05-09,Total Monitored Articles,577844
2019-05-10,Article Count,28
2019-05-10,Total Monitored Articles,554114
2019-05-11,Article Count,6
2019-05-11,Total Monitored Articles,350696
2019-05-12,Article Count,2
2019-05-12,Total Monitored Articles,317985
2019-05-13,Article Count,4
2019-05-13,Total Monitored Articles,536102
2019-05-14,Article Count,23
2019-05-14,Total Monitored Articles,585896
2019-05-15,Article Count,20
2019-05-15,Total Monitored Articles,591221
2019-05-16,Article Count,9
2019-05-16,Total Monitored Articles,591207
2019-05-17,Article Count,9
2019-05-17,Total Monitored Articles,556159
2019-05-18,Article Count,1
2019-05-18,Total Monitored Articles,353256
2019-05-19,Article Count,0
2019-05-19,Total Monitored Articles,325667
2019-05-20,Article Count,3
2019-05-20,Total Monitored Articles,527535
2019-05-21,Article Count,4
2019-05-21,Total Monitored Articles,572682
2019-05-22,Article Count,4
2019-05-22,Total Monitored Articles,586055
2019-05-23,Article Count,5
2019-05-23,Total Monitored Articles,586614
2019-05-24,Article Count,4
2019-05-24,Total Monitored Articles,554998
2019-05-25,Article Count,0
2019-05-25,Total Monitored Articles,345474
2019-05-26,Article Count,0
2019-05-26,Total Monitored Articles,339260
2019-05-27,Article Count,2
2019-05-27,Total Monitored Articles,485161
2019-05-28,Article Count,8
2019-05-28,Total Monitored Articles,552153
2019-05-29,Article Count,9
2019-05-29,Total Monitored Articles,571014
2019-05-30,Article Count,6
2019-05-30,Total Monitored Articles,554953
2019-05-31,Article Count,2
2019-05-31,Total Monitored Articles,538059
2019-06-01,Article Count,0
2019-06-01,Total Monitored Articles,349368
2019-06-02,Article Count,1
2019-06-02,Total Monitored Articles,295119
2019-06-03,Article Count,2
2019-06-03,Total Monitored Articles,520036
2019-06-04,Article Count,4
2019-06-04,Total Monitored Articles,551818
2019-06-05,Article Count,2
2019-06-05,Total Monitored Articles,545910
2019-06-06,Article Count,13
2019-06-06,Total Monitored Articles,547521
2019-06-07,Article Count,7
2019-06-07,Total Monitored Articles,518061
2019-06-08,Article Count,4
2019-06-08,Total Monitored Articles,335951
2019-06-09,Article Count,0
2019-06-09,Total Monitored Articles,305141
2019-06-10,Article Count,4
2019-06-10,Total Monitored Articles,506985
2019-06-11,Article Count,7
2019-06-11,Total Monitored Articles,566933
2019-06-12,Article Count,3
2019-06-12,Total Monitored Articles,570073
2019-06-13,Article Count,20
2019-06-13,Total Monitored Articles,565204
2019-06-14,Article Count,5
2019-06-14,Total Monitored Articles,531773
2019-06-15,Article Count,0
2019-06-15,Total Monitored Articles,330545
2019-06-16,Article Count,0
2019-06-16,Total Monitored Articles,300557
2019-06-17,Article Count,2
2019-06-17,Total Monitored Articles,469557
2019-06-18,Article Count,24
2019-06-18,Total Monitored Articles,548269
2019-06-19,Article Count,1
2019-06-19,Total Monitored Articles,546694
2019-06-20,Article Count,4
2019-06-20,Total Monitored Articles,532580
2019-06-21,Article Count,1
2019-06-21,Total Monitored Articles,514540
2019-06-22,Article Count,1
2019-06-22,Total Monitored Articles,317482
2019-06-23,Article Count,1
2019-06-23,Total Monitored Articles,278915
2019-06-24,Article Count,5
2019-06-24,Total Monitored Articles,501889
2019-06-25,Article Count,5
2019-06-25,Total Monitored Articles,533291
2019-06-26,Article Count,2
2019-06-26,Total Monitored Articles,559876
2019-06-27,Article Count,1
2019-06-27,Total Monitored Articles,559529
2019-06-28,Article Count,3
2019-06-28,Total Monitored Articles,523192
2019-06-29,Article Count,0
2019-06-29,Total Monitored Articles,332558
2019-06-30,Article Count,0
2019-06-30,Total Monitored Articles,306767
2019-07-01,Article Count,3
2019-07-01,Total Monitored Articles,501715
2019-07-02,Article Count,8
2019-07-02,Total Monitored Articles,533759
2019-07-03,Article Count,5
2019-07-03,Total Monitored Articles,545890
2019-07-04,Article Count,0
2019-07-04,Total Monitored Articles,490272
2019-07-05,Article Count,2
2019-07-05,Total Monitored Articles,477685
2019-07-06,Article Count,1
2019-07-06,Total Monitored Articles,312638
2019-07-07,Article Count,0
2019-07-07,Total Monitored Articles,299153
2019-07-08,Article Count,2
2019-07-08,Total Monitored Articles,494895
2019-07-09,Article Count,8
2019-07-09,Total Monitored Articles,532760
2019-07-10,Article Count,3
2019-07-10,Total Monitored Articles,545918
2019-07-11,Article Count,2
2019-07-11,Total Monitored Articles,543604
2019-07-12,Article Count,5
2019-07-12,Total Monitored Articles,516277
2019-07-13,Article Count,2
2019-07-13,Total Monitored Articles,324067
2019-07-14,Article Count,1
2019-07-14,Total Monitored Articles,300689
2019-07-15,Article Count,4
2019-07-15,Total Monitored Articles,496030
2019-07-16,Article Count,6
2019-07-16,Total Monitored Articles,541094
2019-07-17,Article Count,6
2019-07-17,Total Monitored Articles,550809
2019-07-18,Article Count,9
2019-07-18,Total Monitored Articles,551040
2019-07-19,Article Count,1
2019-07-19,Total Monitored Articles,511797
2019-07-20,Article Count,0
2019-07-20,Total Monitored Articles,320084
2019-07-21,Article Count,1
2019-07-21,Total Monitored Articles,298078
2019-07-22,Article Count,2
2019-07-22,Total Monitored Articles,496101
2019-07-23,Article Count,2
2019-07-23,Total Monitored Articles,542655
2019-07-24,Article Count,14
2019-07-24,Total Monitored Articles,550539
2019-07-25,Article Count,3
2019-07-25,Total Monitored Articles,542767
2019-07-26,Article Count,9
2019-07-26,Total Monitored Articles,510044
2019-07-27,Article Count,4
2019-07-27,Total Monitored Articles,320494
2019-07-28,Article Count,4
2019-07-28,Total Monitored Articles,293745
2019-07-29,Article Count,6
2019-07-29,Total Monitored Articles,488126
2019-07-30,Article Count,2
2019-07-30,Total Monitored Articles,536137
2019-07-31,Article Count,7
2019-07-31,Total Monitored Articles,551657
2019-08-01,Article Count,6
2019-08-01,Total Monitored Articles,544051
2019-08-02,Article Count,9
2019-08-02,Total Monitored Articles,499653
2019-08-03,Article Count,3
2019-08-03,Total Monitored Articles,312326
2019-08-04,Article Count,4
2019-08-04,Total Monitored Articles,299125
2019-08-05,Article Count,0
2019-08-05,Total Monitored Articles,483118
2019-08-06,Article Count,5
2019-08-06,Total Monitored Articles,526808
2019-08-07,Article Count,2
2019-08-07,Total Monitored Articles,540520
2019-08-08,Article Count,4
2019-08-08,Total Monitored Articles,534809
2019-08-09,Article Count,3
2019-08-09,Total Monitored Articles,510275
2019-08-10,Article Count,2
2019-08-10,Total Monitored Articles,319632
2019-08-11,Article Count,0
2019-08-11,Total Monitored Articles,286034
2019-08-12,Article Count,1
2019-08-12,Total Monitored Articles,460999
2019-08-13,Article Count,4
2019-08-13,Total Monitored Articles,494778
2019-08-14,Article Count,11
2019-08-14,Total Monitored Articles,511339
2019-08-15,Article Count,7
2019-08-15,Total Monitored Articles,483144
2019-08-16,Article Count,3
2019-08-16,Total Monitored Articles,488425
2019-08-17,Article Count,0
2019-08-17,Total Monitored Articles,312833
2019-08-18,Article Count,0
2019-08-18,Total Monitored Articles,293299
2019-08-19,Article Count,3
2019-08-19,Total Monitored Articles,482115
2019-08-20,Article Count,2
2019-08-20,Total Monitored Articles,512041
2019-08-21,Article Count,5
2019-08-21,Total Monitored Articles,533452
2019-08-22,Article Count,3
2019-08-22,Total Monitored Articles,529087
2019-08-23,Article Count,0
2019-08-23,Total Monitored Articles,499521
2019-08-24,Article Count,1
2019-08-24,Total Monitored Articles,329635
2019-08-25,Article Count,0
2019-08-25,Total Monitored Articles,298799
2019-08-26,Article Count,1
2019-08-26,Total Monitored Articles,474152
2019-08-27,Article Count,1
2019-08-27,Total Monitored Articles,523306
2019-08-28,Article Count,4
2019-08-28,Total Monitored Articles,538641
2019-08-29,Article Count,7
2019-08-29,Total Monitored Articles,534574
2019-08-30,Article Count,5
2019-08-30,Total Monitored Articles,501716
2019-08-31,Article Count,2
2019-08-31,Total Monitored Articles,321579
2019-09-01,Article Count,1
2019-09-01,Total Monitored Articles,302842
2019-09-02,Article Count,1
2019-09-02,Total Monitored Articles,439231
2019-09-03,Article Count,3
2019-09-03,Total Monitored Articles,510643
2019-09-04,Article Count,2
2019-09-04,Total Monitored Articles,543845
2019-09-05,Article Count,5
2019-09-05,Total Monitored Articles,532554
2019-09-06,Article Count,6
2019-09-06,Total Monitored Articles,507294
2019-09-07,Article Count,3
2019-09-07,Total Monitored Articles,312530
2019-09-08,Article Count,1
2019-09-08,Total Monitored Articles,294714
2019-09-09,Article Count,0
2019-09-09,Total Monitored Articles,489879
2019-09-10,Article Count,4
2019-09-10,Total Monitored Articles,534367
2019-09-11,Article Count,1
2019-09-11,Total Monitored Articles,532778
2019-09-12,Article Count,2
2019-09-12,Total Monitored Articles,537433
2019-09-13,Article Count,0
2019-09-13,Total Monitored Articles,494363
2019-09-14,Article Count,1
2019-09-14,Total Monitored Articles,313982
2019-09-15,Article Count,4
2019-09-15,Total Monitored Articles,295775
2019-09-16,Article Count,1
2019-09-16,Total Monitored Articles,497858
2019-09-17,Article Count,1
2019-09-17,Total Monitored Articles,529118
2019-09-18,Article Count,6
2019-09-18,Total Monitored Articles,542926
2019-09-19,Article Count,0
2019-09-19,Total Monitored Articles,542773
2019-09-20,Article Count,8
2019-09-20,Total Monitored Articles,515934
2019-09-21,Article Count,0
2019-09-21,Total Monitored Articles,310909
2019-09-22,Article Count,0
2019-09-22,Total Monitored Articles,294180
2019-09-23,Article Count,5
2019-09-23,Total Monitored Articles,486570
2019-09-24,Article Count,0
2019-09-24,Total Monitored Articles,528837
2019-09-25,Article Count,7
2019-09-25,Total Monitored Articles,539615
2019-09-26,Article Count,4
2019-09-26,Total Monitored Articles,533764
2019-09-27,Article Count,8
2019-09-27,Total Monitored Articles,509849
2019-09-28,Article Count,1
2019-09-28,Total Monitored Articles,308315
2019-09-29,Article Count,2
2019-09-29,Total Monitored Articles,287903
2019-09-30,Article Count,2
2019-09-30,Total Monitored Articles,437102
2019-10-01,Article Count,3
2019-10-01,Total Monitored Articles,514340
2019-10-02,Article Count,2
2019-10-02,Total Monitored Articles,505415
2019-10-03,Article Count,8
2019-10-03,Total Monitored Articles,503247
2019-10-04,Article Count,6
2019-10-04,Total Monitored Articles,487461
2019-10-05,Article Count,2
2019-10-05,Total Monitored Articles,302322
2019-10-06,Article Count,0
2019-10-06,Total Monitored Articles,272004
2019-10-07,Article Count,0
2019-10-07,Total Monitored Articles,462075
2019-10-08,Article Count,7
2019-10-08,Total Monitored Articles,503665
2019-10-09,Article Count,3
2019-10-09,Total Monitored Articles,512282
2019-10-10,Article Count,1
2019-10-10,Total Monitored Articles,522103
2019-10-11,Article Count,6
2019-10-11,Total Monitored Articles,496822
2019-10-12,Article Count,1
2019-10-12,Total Monitored Articles,308536
2019-10-13,Article Count,2
2019-10-13,Total Monitored Articles,276043
2019-10-14,Article Count,0
2019-10-14,Total Monitored Articles,457892
2019-10-15,Article Count,6
2019-10-15,Total Monitored Articles,512878
2019-10-16,Article Count,0
2019-10-16,Total Monitored Articles,534395
2019-10-17,Article Count,7
2019-10-17,Total Monitored Articles,523905
2019-10-18,Article Count,6
2019-10-18,Total Monitored Articles,500159
2019-10-19,Article Count,2
2019-10-19,Total Monitored Articles,299066
2019-10-20,Article Count,0
2019-10-20,Total Monitored Articles,268642
2019-10-21,Article Count,2
2019-10-21,Total Monitored Articles,477898
2019-10-22,Article Count,4
2019-10-22,Total Monitored Articles,513629
2019-10-23,Article Count,3
2019-10-23,Total Monitored Articles,512089
2019-10-24,Article Count,7
2019-10-24,Total Monitored Articles,517482
2019-10-25,Article Count,3
2019-10-25,Total Monitored Articles,492241
2019-10-26,Article Count,1
2019-10-26,Total Monitored Articles,298603
2019-10-27,Article Count,0
2019-10-27,Total Monitored Articles,274414
2019-10-28,Article Count,4
2019-10-28,Total Monitored Articles,457281
2019-10-29,Article Count,4
2019-10-29,Total Monitored Articles,505654
2019-10-30,Article Count,4
2019-10-30,Total Monitored Articles,524098
2019-10-31,Article Count,5
2019-10-31,Total Monitored Articles,512560
2019-11-01,Article Count,4
2019-11-01,Total Monitored Articles,459961
2019-11-02,Article Count,4
2019-11-02,Total Monitored Articles,295527
2019-11-03,Article Count,2
2019-11-03,Total Monitored Articles,273380
2019-11-04,Article Count,6
2019-11-04,Total Monitored Articles,463253
2019-11-05,Article Count,15
2019-11-05,Total Monitored Articles,522583
2019-11-06,Article Count,8
2019-11-06,Total Monitored Articles,549860
2019-11-07,Article Count,5
2019-11-07,Total Monitored Articles,545791
2019-11-08,Article Count,6
2019-11-08,Total Monitored Articles,528410
2019-11-09,Article Count,1
2019-11-09,Total Monitored Articles,316275
2019-11-10,Article Count,0
2019-11-10,Total Monitored Articles,295334
2019-11-11,Article Count,5
2019-11-11,Total Monitored Articles,465415
2019-11-12,Article Count,2
2019-11-12,Total Monitored Articles,517367
2019-11-13,Article Count,9
2019-11-13,Total Monitored Articles,511360
2019-11-14,Article Count,5
2019-11-14,Total Monitored Articles,528162
2019-11-15,Article Count,1
2019-11-15,Total Monitored Articles,480174
2019-11-16,Article Count,2
2019-11-16,Total Monitored Articles,311125
2019-11-17,Article Count,1
2019-11-17,Total Monitored Articles,289902
2019-11-18,Article Count,9
2019-11-18,Total Monitored Articles,482701
2019-11-19,Article Count,4
2019-11-19,Total Monitored Articles,520439
2019-11-20,Article Count,4
2019-11-20,Total Monitored Articles,528295
2019-11-21,Article Count,0
2019-11-21,Total Monitored Articles,523073
2019-11-22,Article Count,6
2019-11-22,Total Monitored Articles,497118
2019-11-23,Article Count,0
2019-11-23,Total Monitored Articles,322908
2019-11-24,Article Count,0
2019-11-24,Total Monitored Articles,297182
2019-11-25,Article Count,3
2019-11-25,Total Monitored Articles,494370
2019-11-26,Article Count,1
2019-11-26,Total Monitored Articles,524684
2019-11-27,Article Count,1
2019-11-27,Total Monitored Articles,511361
2019-11-28,Article Count,10
2019-11-28,Total Monitored Articles,478081
2019-11-29,Article Count,1
2019-11-29,Total Monitored Articles,451226
2019-11-30,Article Count,0
2019-11-30,Total Monitored Articles,304600
2019-12-01,Article Count,1
2019-12-01,Total Monitored Articles,294518
2019-12-02,Article Count,1
2019-12-02,Total Monitored Articles,449521
2019-12-03,Article Count,3
2019-12-03,Total Monitored Articles,525184
2019-12-04,Article Count,1
2019-12-04,Total Monitored Articles,533394
2019-12-05,Article Count,7
2019-12-05,Total Monitored Articles,530550
2019-12-06,Article Count,0
2019-12-06,Total Monitored Articles,500038
2019-12-07,Article Count,2
2019-12-07,Total Monitored Articles,311145
2019-12-08,Article Count,0
2019-12-08,Total Monitored Articles,284834
2019-12-09,Article Count,4
2019-12-09,Total Monitored Articles,478623
2019-12-10,Article Count,3
2019-12-10,Total Monitored Articles,522225
2019-12-11,Article Count,5
2019-12-11,Total Monitored Articles,519311
2019-12-12,Article Count,6
2019-12-12,Total Monitored Articles,508673
2019-12-13,Article Count,2
2019-12-13,Total Monitored Articles,497908
2019-12-14,Article Count,1
2019-12-14,Total Monitored Articles,303003
2019-12-15,Article Count,0
2019-12-15,Total Monitored Articles,268674
2019-12-16,Article Count,1
2019-12-16,Total Monitored Articles,469904
2019-12-17,Article Count,5
2019-12-17,Total Monitored Articles,511633
2019-12-18,Article Count,3
2019-12-18,Total Monitored Articles,517254
2019-12-19,Article Count,1
2019-12-19,Total Monitored Articles,502820
2019-12-20,Article Count,3
2019-12-20,Total Monitored Articles,486812
2019-12-21,Article Count,1
2019-12-21,Total Monitored Articles,304824
2019-12-22,Article Count,4
2019-12-22,Total Monitored Articles,277064
2019-12-23,Article Count,29
2019-12-23,Total Monitored Articles,426760
2019-12-24,Article Count,9
2019-12-24,Total Monitored Articles,389189
2019-12-25,Article Count,0
2019-12-25,Total Monitored Articles,275251
2019-12-26,Article Count,4
2019-12-26,Total Monitored Articles,348402
2019-12-27,Article Count,3
2019-12-27,Total Monitored Articles,395063
2019-12-28,Article Count,1
2019-12-28,Total Monitored Articles,273389
2019-12-29,Article Count,0
2019-12-29,Total Monitored Articles,249511
2019-12-30,Article Count,0
2019-12-30,Total Monitored Articles,383261
2019-12-31,Article Count,0
2019-12-31,Total Monitored Articles,361032
2020-01-01,Article Count,1
2020-01-01,Total Monitored Articles,262970
2020-01-02,Article Count,0
2020-01-02,Total Monitored Articles,389269
2020-01-03,Article Count,4
2020-01-03,Total Monitored Articles,415807
2020-01-04,Article Count,2
2020-01-04,Total Monitored Articles,289977
2020-01-05,Article Count,0
2020-01-05,Total Monitored Articles,271749
2020-01-06,Article Count,1
2020-01-06,Total Monitored Articles,431339
2020-01-07,Article Count,2
2020-01-07,Total Monitored Articles,474951
2020-01-08,Article Count,3
2020-01-08,Total Monitored Articles,492966
2020-01-09,Article Count,5
2020-01-09,Total Monitored Articles,504706
2020-01-10,Article Count,6
2020-01-10,Total Monitored Articles,484072
2020-01-11,Article Count,1
2020-01-11,Total Monitored Articles,311598
2020-01-12,Article Count,2
2020-01-12,Total Monitored Articles,263262
2020-01-13,Article Count,0
2020-01-13,Total Monitored Articles,456148
2020-01-14,Article Count,2
2020-01-14,Total Monitored Articles,488114
2020-01-15,Article Count,0
2020-01-15,Total Monitored Articles,496143
2020-01-16,Article Count,3
2020-01-16,Total Monitored Articles,501155
2020-01-17,Article Count,2
2020-01-17,Total Monitored Articles,471810
2020-01-18,Article Count,0
2020-01-18,Total Monitored Articles,292937
2020-01-19,Article Count,0
2020-01-19,Total Monitored Articles,271248
2020-01-20,Article Count,2
2020-01-20,Total Monitored Articles,434444
2020-01-21,Article Count,5
2020-01-21,Total Monitored Articles,480181
2020-01-22,Article Count,1
2020-01-22,Total Monitored Articles,497108
2020-01-23,Article Count,1
2020-01-23,Total Monitored Articles,483015
2020-01-24,Article Count,0
2020-01-24,Total Monitored Articles,443329
2020-01-25,Article Count,0
2020-01-25,Total Monitored Articles,292319
2020-01-26,Article Count,0
2020-01-26,Total Monitored Articles,261248
2020-01-27,Article Count,1
2020-01-27,Total Monitored Articles,430001
2020-01-28,Article Count,1
2020-01-28,Total Monitored Articles,455152
2020-01-29,Article Count,0
2020-01-29,Total Monitored Articles,456667
2020-01-30,Article Count,1
2020-01-30,Total Monitored Articles,481598
2020-01-31,Article Count,2
2020-01-31,Total Monitored Articles,459885
2020-02-01,Article Count,0
2020-02-01,Total Monitored Articles,289147
2020-02-02,Article Count,0
2020-02-02,Total Monitored Articles,273834
2020-02-03,Article Count,4
2020-02-03,Total Monitored Articles,447476
2020-02-04,Article Count,1
2020-02-04,Total Monitored Articles,499684
2020-02-05,Article Count,7
2020-02-05,Total Monitored Articles,511196
2020-02-06,Article Count,9
2020-02-06,Total Monitored Articles,491612
2020-02-07,Article Count,6
2020-02-07,Total Monitored Articles,474142
2020-02-08,Article Count,1
2020-02-08,Total Monitored Articles,298624
2020-02-09,Article Count,0
2020-02-09,Total Monitored Articles,271405
2020-02-10,Article Count,4
2020-02-10,Total Monitored Articles,465754
2020-02-11,Article Count,4
2020-02-11,Total Monitored Articles,495183
2020-02-12,Article Count,2
2020-02-12,Total Monitored Articles,511160
2020-02-13,Article Count,1
2020-02-13,Total Monitored Articles,507117
2020-02-14,Article Count,5
2020-02-14,Total Monitored Articles,472746
2020-02-15,Article Count,1
2020-02-15,Total Monitored Articles,295457
2020-02-16,Article Count,0
2020-02-16,Total Monitored Articles,261090
2020-02-17,Article Count,6
2020-02-17,Total Monitored Articles,417604
2020-02-18,Article Count,6
2020-02-18,Total Monitored Articles,470059
2020-02-19,Article Count,4
2020-02-19,Total Monitored Articles,497697
2020-02-20,Article Count,2
2020-02-20,Total Monitored Articles,502783
2020-02-21,Article Count,5
2020-02-21,Total Monitored Articles,473278
2020-02-22,Article Count,0
2020-02-22,Total Monitored Articles,295604
2020-02-23,Article Count,2
2020-02-23,Total Monitored Articles,268100
2020-02-24,Article Count,0
2020-02-24,Total Monitored Articles,441285
2020-02-25,Article Count,1
2020-02-25,Total Monitored Articles,490807
2020-02-26,Article Count,1
2020-02-26,Total Monitored Articles,501963
2020-02-27,Article Count,5
2020-02-27,Total Monitored Articles,503140
2020-02-28,Article Count,3
2020-02-28,Total Monitored Articles,474977
2020-02-29,Article Count,1
2020-02-29,Total Monitored Articles,298676
2020-03-01,Article Count,0
2020-03-01,Total Monitored Articles,270517
2020-03-02,Article Count,0
2020-03-02,Total Monitored Articles,458450
2020-03-03,Article Count,0
2020-03-03,Total Monitored Articles,495271
2020-03-04,Article Count,5
2020-03-04,Total Monitored Articles,511285
2020-03-05,Article Count,6
2020-03-05,Total Monitored Articles,506407
2020-03-06,Article Count,2
2020-03-06,Total Monitored Articles,478147
2020-03-07,Article Count,2
2020-03-07,Total Monitored Articles,300639
2020-03-08,Article Count,0
2020-03-08,Total Monitored Articles,276178
2020-03-09,Article Count,4
2020-03-09,Total Monitored Articles,452224
2020-03-10,Article Count,4
2020-03-10,Total Monitored Articles,491836
2020-03-11,Article Count,2
2020-03-11,Total Monitored Articles,512593
2020-03-12,Article Count,8
2020-03-12,Total Monitored Articles,538498
2020-03-13,Article Count,3
2020-03-13,Total Monitored Articles,502203
2020-03-14,Article Count,2
2020-03-14,Total Monitored Articles,314890
2020-03-15,Article Count,2
2020-03-15,Total Monitored Articles,303076
2020-03-16,Article Count,3
2020-03-16,Total Monitored Articles,494418
2020-03-17,Article Count,4
2020-03-17,Total Monitored Articles,528913
2020-03-18,Article Count,2
2020-03-18,Total Monitored Articles,542500
2020-03-19,Article Count,5
2020-03-19,Total Monitored Articles,535707
2020-03-20,Article Count,3
2020-03-20,Total Monitored Articles,518601
2020-03-21,Article Count,1
2020-03-21,Total Monitored Articles,329009
2020-03-22,Article Count,0
2020-03-22,Total Monitored Articles,302307
2020-03-23,Article Count,1
2020-03-23,Total Monitored Articles,496911
2020-03-24,Article Count,3
2020-03-24,Total Monitored Articles,528786
2020-03-25,Article Count,1
2020-03-25,Total Monitored Articles,527870
2020-03-26,Article Count,9
2020-03-26,Total Monitored Articles,533637
2020-03-27,Article Count,4
2020-03-27,Total Monitored Articles,511780
2020-03-28,Article Count,0
2020-03-28,Total Monitored Articles,318590
2020-03-29,Article Count,0
2020-03-29,Total Monitored Articles,294367
2020-03-30,Article Count,5
2020-03-30,Total Monitored Articles,494278
2020-03-31,Article Count,4
2020-03-31,Total Monitored Articles,536528
2020-04-01,Article Count,5
2020-04-01,Total Monitored Articles,526181
2020-04-02,Article Count,3
2020-04-02,Total Monitored Articles,526650
2020-04-03,Article Count,1
2020-04-03,Total Monitored Articles,489506
2020-04-04,Article Count,0
2020-04-04,Total Monitored Articles,314741
2020-04-05,Article Count,0
2020-04-05,Total Monitored Articles,278845
2020-04-06,Article Count,4
2020-04-06,Total Monitored Articles,466453
2020-04-07,Article Count,1
2020-04-07,Total Monitored Articles,502840
2020-04-08,Article Count,1
2020-04-08,Total Monitored Articles,505760
2020-04-09,Article Count,3
2020-04-09,Total Monitored Articles,491531
2020-04-10,Article Count,2
2020-04-10,Total Monitored Articles,429373
2020-04-11,Article Count,1
2020-04-11,Total Monitored Articles,296128
2020-04-12,Article Count,0
2020-04-12,Total Monitored Articles,265057
2020-04-13,Article Count,1
2020-04-13,Total Monitored Articles,406443
2020-04-14,Article Count,1
2020-04-14,Total Monitored Articles,489924
2020-04-15,Article Count,1
2020-04-15,Total Monitored Articles,501959
2020-04-16,Article Count,6
2020-04-16,Total Monitored Articles,509304
2020-04-17,Article Count,3
2020-04-17,Total Monitored Articles,480693
2020-04-18,Article Count,2
2020-04-18,Total Monitored Articles,304292
2020-04-19,Article Count,0
2020-04-19,Total Monitored Articles,275929
2020-04-20,Article Count,1
2020-04-20,Total Monitored Articles,449779
2020-04-21,Article Count,3
2020-04-21,Total Monitored Articles,493907
2020-04-22,Article Count,9
2020-04-22,Total Monitored Articles,508327
2020-04-23,Article Count,10
2020-04-23,Total Monitored Articles,511941
2020-04-24,Article Count,1
2020-04-24,Total Monitored Articles,485132
2020-04-25,Article Count,3
2020-04-25,Total Monitored Articles,302795
2020-04-26,Article Count,1
2020-04-26,Total Monitored Articles,280277
2020-04-27,Article Count,5
2020-04-27,Total Monitored Articles,458976
2020-04-28,Article Count,2
2020-04-28,Total Monitored Articles,498612
2020-04-29,Article Count,11
2020-04-29,Total Monitored Articles,501705
2020-04-30,Article Count,18
2020-04-30,Total Monitored Articles,505330
2020-05-01,Article Count,6
2020-05-01,Total Monitored Articles,400582
2020-05-02,Article Count,2
2020-05-02,Total Monitored Articles,290042
2020-05-03,Article Count,0
2020-05-03,Total Monitored Articles,268470
2020-05-04,Article Count,10
2020-05-04,Total Monitored Articles,433281
2020-05-05,Article Count,28
2020-05-05,Total Monitored Articles,478705
2020-05-06,Article Count,22
2020-05-06,Total Monitored Articles,497321
2020-05-07,Article Count,8
2020-05-07,Total Monitored Articles,497932
2020-05-08,Article Count,3
2020-05-08,Total Monitored Articles,477019
2020-05-09,Article Count,2
2020-05-09,Total Monitored Articles,310997
2020-05-10,Article Count,2
2020-05-10,Total Monitored Articles,270463
2020-05-11,Article Count,2
2020-05-11,Total Monitored Articles,441496
2020-05-12,Article Count,0
2020-05-12,Total Monitored Articles,490850
2020-05-13,Article Count,19
2020-05-13,Total Monitored Articles,497828
2020-05-14,Article Count,7
2020-05-14,Total Monitored Articles,494390
2020-05-15,Article Count,5
2020-05-15,Total Monitored Articles,461984
2020-05-16,Article Count,1
2020-05-16,Total Monitored Articles,300044
2020-05-17,Article Count,1
2020-05-17,Total Monitored Articles,265906
2020-05-18,Article Count,2
2020-05-18,Total Monitored Articles,435546
2020-05-19,Article Count,12
2020-05-19,Total Monitored Articles,487475
2020-05-20,Article Count,6
2020-05-20,Total Monitored Articles,497600
2020-05-21,Article Count,5
2020-05-21,Total Monitored Articles,461285
2020-05-22,Article Count,2
2020-05-22,Total Monitored Articles,444681
2020-05-23,Article Count,0
2020-05-23,Total Monitored Articles,282782
2020-05-24,Article Count,0
2020-05-24,Total Monitored Articles,251831
2020-05-25,Article Count,6
2020-05-25,Total Monitored Articles,373645
2020-05-26,Article Count,1
2020-05-26,Total Monitored Articles,449894
2020-05-27,Article Count,3
2020-05-27,Total Monitored Articles,486726
2020-05-28,Article Count,1
2020-05-28,Total Monitored Articles,501271
2020-05-29,Article Count,2
2020-05-29,Total Monitored Articles,474432
2020-05-30,Article Count,1
2020-05-30,Total Monitored Articles,299101
2020-05-31,Article Count,0
2020-05-31,Total Monitored Articles,270905
2020-06-01,Article Count,0
2020-06-01,Total Monitored Articles,433839
2020-06-02,Article Count,1
2020-06-02,Total Monitored Articles,471823
2020-06-03,Article Count,0
2020-06-03,Total Monitored Articles,486796
2020-06-04,Article Count,4
2020-06-04,Total Monitored Articles,479129
2020-06-05,Article Count,4
2020-06-05,Total Monitored Articles,464145
2020-06-06,Article Count,4
2020-06-06,Total Monitored Articles,291667
2020-06-07,Article Count,1
2020-06-07,Total Monitored Articles,264279
2020-06-08,Article Count,1
2020-06-08,Total Monitored Articles,436728
2020-06-09,Article Count,5
2020-06-09,Total Monitored Articles,479708
2020-06-10,Article Count,3
2020-06-10,Total Monitored Articles,486910
2020-06-11,Article Count,3
2020-06-11,Total Monitored Articles,468401
2020-06-12,Article Count,1
2020-06-12,Total Monitored Articles,452304
2020-06-13,Article Count,0
2020-06-13,Total Monitored Articles,289242
2020-06-14,Article Count,1
2020-06-14,Total Monitored Articles,266262
2020-06-15,Article Count,3
2020-06-15,Total Monitored Articles,449543
2020-06-16,Article Count,3
2020-06-16,Total Monitored Articles,487519
2020-06-17,Article Count,1
2020-06-17,Total Monitored Articles,495416
2020-06-18,Article Count,1
2020-06-18,Total Monitored Articles,487914
2020-06-19,Article Count,3
2020-06-19,Total Monitored Articles,463897
2020-06-20,Article Count,0
2020-06-20,Total Monitored Articles,297573
2020-06-21,Article Count,1
2020-06-21,Total Monitored Articles,263932
2020-06-22,Article Count,6
2020-06-22,Total Monitored Articles,441632
2020-06-23,Article Count,4
2020-06-23,Total Monitored Articles,482729
2020-06-24,Article Count,1
2020-06-24,Total Monitored Articles,479839
2020-06-25,Article Count,8
2020-06-25,Total Monitored Articles,469812
2020-06-26,Article Count,4
2020-06-26,Total Monitored Articles,438483
2020-06-27,Article Count,0
2020-06-27,Total Monitored Articles,282680
2020-06-28,Article Count,2
2020-06-28,Total Monitored Articles,273022
2020-06-29,Article Count,0
2020-06-29,Total Monitored Articles,435214
2020-06-30,Article Count,3
2020-06-30,Total Monitored Articles,484577
2020-07-01,Article Count,4
2020-07-01,Total Monitored Articles,483273
2020-07-02,Article Count,4
2020-07-02,Total Monitored Articles,461931
2020-07-03,Article Count,1
2020-07-03,Total Monitored Articles,422390
2020-07-04,Article Count,1
2020-07-04,Total Monitored Articles,274545
2020-07-05,Article Count,8
2020-07-05,Total Monitored Articles,256706
2020-07-06,Article Count,3
2020-07-06,Total Monitored Articles,424766
2020-07-07,Article Count,2
2020-07-07,Total Monitored Articles,471886
2020-07-08,Article Count,10
2020-07-08,Total Monitored Articles,481871
2020-07-09,Article Count,2
2020-07-09,Total Monitored Articles,476175
2020-07-10,Article Count,4
2020-07-10,Total Monitored Articles,445608
2020-07-11,Article Count,0
2020-07-11,Total Monitored Articles,280746
2020-07-12,Article Count,3
2020-07-12,Total Monitored Articles,258307
2020-07-13,Article Count,3
2020-07-13,Total Monitored Articles,431002
2020-07-14,Article Count,4
2020-07-14,Total Monitored Articles,465925
2020-07-15,Article Count,10
2020-07-15,Total Monitored Articles,483461
2020-07-16,Article Count,13
2020-07-16,Total Monitored Articles,473482
2020-07-17,Article Count,1
2020-07-17,Total Monitored Articles,442260
2020-07-18,Article Count,2
2020-07-18,Total Monitored Articles,281635
2020-07-19,Article Count,1
2020-07-19,Total Monitored Articles,254798
2020-07-20,Article Count,2
2020-07-20,Total Monitored Articles,426520
2020-07-21,Article Count,6
2020-07-21,Total Monitored Articles,458273
2020-07-22,Article Count,19
2020-07-22,Total Monitored Articles,468056
2020-07-23,Article Count,4
2020-07-23,Total Monitored Articles,458666
2020-07-24,Article Count,3
2020-07-24,Total Monitored Articles,433123
2020-07-25,Article Count,0
2020-07-25,Total Monitored Articles,273661
2020-07-26,Article Count,0
2020-07-26,Total Monitored Articles,254449
2020-07-27,Article Count,1
2020-07-27,Total Monitored Articles,421989
2020-07-28,Article Count,5
2020-07-28,Total Monitored Articles,454275
2020-07-29,Article Count,6
2020-07-29,Total Monitored Articles,456878
2020-07-30,Article Count,18
2020-07-30,Total Monitored Articles,461352
2020-07-31,Article Count,9
2020-07-31,Total Monitored Articles,427294
2020-08-01,Article Count,6
2020-08-01,Total Monitored Articles,273130
2020-08-02,Article Count,2
2020-08-02,Total Monitored Articles,245217
2020-08-03,Article Count,1
2020-08-03,Total Monitored Articles,405490
2020-08-04,Article Count,5
2020-08-04,Total Monitored Articles,441535
2020-08-05,Article Count,2
2020-08-05,Total Monitored Articles,446742
2020-08-06,Article Count,0
2020-08-06,Total Monitored Articles,454036
2020-08-07,Article Count,3
2020-08-07,Total Monitored Articles,433829
2020-08-08,Article Count,0
2020-08-08,Total Monitored Articles,275032
2020-08-09,Article Count,3
2020-08-09,Total Monitored Articles,253836
2020-08-10,Article Count,1
2020-08-10,Total Monitored Articles,415995
2020-08-11,Article Count,6
2020-08-11,Total Monitored Articles,446609
2020-08-12,Article Count,0
2020-08-12,Total Monitored Articles,447774
2020-08-13,Article Count,14
2020-08-13,Total Monitored Articles,452575
2020-08-14,Article Count,2
2020-08-14,Total Monitored Articles,420848
2020-08-15,Article Count,0
2020-08-15,Total Monitored Articles,268982
2020-08-16,Article Count,0
2020-08-16,Total Monitored Articles,251144
2020-08-17,Article Count,7
2020-08-17,Total Monitored Articles,410906
2020-08-18,Article Count,0
2020-08-18,Total Monitored Articles,450250
2020-08-19,Article Count,2
2020-08-19,Total Monitored Articles,451905
2020-08-20,Article Count,4
2020-08-20,Total Monitored Articles,454529
2020-08-21,Article Count,2
2020-08-21,Total Monitored Articles,427804
2020-08-22,Article Count,0
2020-08-22,Total Monitored Articles,273253
2020-08-23,Article Count,0
2020-08-23,Total Monitored Articles,253893
2020-08-24,Article Count,2
2020-08-24,Total Monitored Articles,415026
2020-08-25,Article Count,9
2020-08-25,Total Monitored Articles,455853
2020-08-26,Article Count,5
2020-08-26,Total Monitored Articles,460525
2020-08-27,Article Count,2
2020-08-27,Total Monitored Articles,457788
2020-08-28,Article Count,9
2020-08-28,Total Monitored Articles,431340
2020-08-29,Article Count,2
2020-08-29,Total Monitored Articles,274180
2020-08-30,Article Count,0
2020-08-30,Total Monitored Articles,243328
2020-08-31,Article Count,4
2020-08-31,Total Monitored Articles,419437
2020-09-01,Article Count,5
2020-09-01,Total Monitored Articles,455789
2020-09-02,Article Count,2
2020-09-02,Total Monitored Articles,461034
2020-09-03,Article Count,5
2020-09-03,Total Monitored Articles,459474
2020-09-04,Article Count,3
2020-09-04,Total Monitored Articles,436602
2020-09-05,Article Count,1
2020-09-05,Total Monitored Articles,275673
2020-09-06,Article Count,0
2020-09-06,Total Monitored Articles,254272
2020-09-07,Article Count,0
2020-09-07,Total Monitored Articles,382487
2020-09-08,Article Count,5
2020-09-08,Total Monitored Articles,438052
2020-09-09,Article Count,4
2020-09-09,Total Monitored Articles,462015
2020-09-10,Article Count,7
2020-09-10,Total Monitored Articles,455784
2020-09-11,Article Count,5
2020-09-11,Total Monitored Articles,424760
2020-09-12,Article Count,2
2020-09-12,Total Monitored Articles,276843
2020-09-13,Article Count,0
2020-09-13,Total Monitored Articles,251070
2020-09-14,Article Count,1
2020-09-14,Total Monitored Articles,423935
2020-09-15,Article Count,3
2020-09-15,Total Monitored Articles,457180
2020-09-16,Article Count,3
2020-09-16,Total Monitored Articles,456138
2020-09-17,Article Count,1
2020-09-17,Total Monitored Articles,459629
2020-09-18,Article Count,4
2020-09-18,Total Monitored Articles,430145
2020-09-19,Article Count,2
2020-09-19,Total Monitored Articles,275172
2020-09-20,Article Count,0
2020-09-20,Total Monitored Articles,245868
2020-09-21,Article Count,6
2020-09-21,Total Monitored Articles,427896
2020-09-22,Article Count,2
2020-09-22,Total Monitored Articles,464430
2020-09-23,Article Count,8
2020-09-23,Total Monitored Articles,481093
2020-09-24,Article Count,21
2020-09-24,Total Monitored Articles,421483
2020-09-25,Article Count,1
2020-09-25,Total Monitored Articles,368896
2020-09-26,Article Count,0
2020-09-26,Total Monitored Articles,211944
2020-09-27,Article Count,0
2020-09-27,Total Monitored Articles,224211
2020-09-28,Article Count,5
2020-09-28,Total Monitored Articles,352269
2020-09-29,Article Count,2
2020-09-29,Total Monitored Articles,382841
2020-09-30,Article Count,1
2020-09-30,Total Monitored Articles,391497
2020-10-01,Article Count,19
2020-10-01,Total Monitored Articles,409202
2020-10-02,Article Count,9
2020-10-02,Total Monitored Articles,364205
2020-10-03,Article Count,0
2020-10-03,Total Monitored Articles,189612
2020-10-04,Article Count,0
2020-10-04,Total Monitored Articles,193400
2020-10-05,Article Count,0
2020-10-05,Total Monitored Articles,306294
2020-10-06,Article Count,12
2020-10-06,Total Monitored Articles,342434
2020-10-07,Article Count,4
2020-10-07,Total Monitored Articles,338152
2020-10-08,Article Count,5
2020-10-08,Total Monitored Articles,355434
2020-10-09,Article Count,1
2020-10-09,Total Monitored Articles,139836
2020-10-10,Article Count,0
2020-10-10,Total Monitored Articles,279311
2020-10-11,Article Count,0
2020-10-11,Total Monitored Articles,227376
2020-10-12,Article Count,0
2020-10-12,Total Monitored Articles,291710
2020-10-13,Article Count,8
2020-10-13,Total Monitored Articles,318111
2020-10-14,Article Count,10
2020-10-14,Total Monitored Articles,295346
2020-10-15,Article Count,3
2020-10-15,Total Monitored Articles,268774
2020-10-16,Article Count,0
2020-10-16,Total Monitored Articles,120244
2020-10-17,Article Count,0
2020-10-17,Total Monitored Articles,199788
2020-10-18,Article Count,0
2020-10-18,Total Monitored Articles,190519
2020-10-19,Article Count,0
2020-10-19,Total Monitored Articles,111249
2020-10-21,Article Count,1
2020-10-21,Total Monitored Articles,252439
2020-10-22,Article Count,0
2020-10-22,Total Monitored Articles,218535
2020-10-23,Article Count,0
2020-10-23,Total Monitored Articles,95334
2020-10-24,Article Count,0
2020-10-24,Total Monitored Articles,93479
2020-10-25,Article Count,0
2020-10-25,Total Monitored Articles,141061
2020-10-26,Article Count,7
2020-10-26,Total Monitored Articles,228806
2020-10-27,Article Count,2
2020-10-27,Total Monitored Articles,223872
2020-10-28,Article Count,0
2020-10-28,Total Monitored Articles,245728
2020-10-29,Article Count,3
2020-10-29,Total Monitored Articles,190672
2020-10-30,Article Count,0
2020-10-30,Total Monitored Articles,115063
2020-10-31,Article Count,0
2020-10-31,Total Monitored Articles,69573
2020-11-01,Article Count,0
2020-11-01,Total Monitored Articles,104263
2020-11-02,Article Count,4
2020-11-02,Total Monitored Articles,195941
2020-11-03,Article Count,6
2020-11-03,Total Monitored Articles,169311
2020-11-04,Article Count,5
2020-11-04,Total Monitored Articles,205079
2020-11-05,Article Count,1
2020-11-05,Total Monitored Articles,150371
2020-11-06,Article Count,0
2020-11-06,Total Monitored Articles,73645
2020-11-07,Article Count,0
2020-11-07,Total Monitored Articles,40463
2020-11-08,Article Count,1
2020-11-08,Total Monitored Articles,70970
2020-11-09,Article Count,1
2020-11-09,Total Monitored Articles,189990
2020-11-10,Article Count,0
2020-11-10,Total Monitored Articles,128611
2020-11-11,Article Count,2
2020-11-11,Total Monitored Articles,151080
2020-11-12,Article Count,3
2020-11-12,Total Monitored Articles,126882
2020-11-13,Article Count,0
2020-11-13,Total Monitored Articles,34096
2020-11-14,Article Count,0
2020-11-14,Total Monitored Articles,10407
2020-11-15,Article Count,0
2020-11-15,Total Monitored Articles,41258
2020-11-16,Article Count,1
2020-11-16,Total Monitored Articles,165302
2020-11-17,Article Count,0
2020-11-17,Total Monitored Articles,148073
2020-11-18,Article Count,4
2020-11-18,Total Monitored Articles,447979
2020-11-19,Article Count,3
2020-11-19,Total Monitored Articles,463572
2020-11-20,Article Count,3
2020-11-20,Total Monitored Articles,442626
2020-11-21,Article Count,3
2020-11-21,Total Monitored Articles,278317
2020-11-22,Article Count,0
2020-11-22,Total Monitored Articles,246932
2020-11-23,Article Count,7
2020-11-23,Total Monitored Articles,411141
2020-11-24,Article Count,4
2020-11-24,Total Monitored Articles,448919
2020-11-25,Article Count,10
2020-11-25,Total Monitored Articles,447213
2020-11-26,Article Count,5
2020-11-26,Total Monitored Articles,406221
2020-11-27,Article Count,2
2020-11-27,Total Monitored Articles,385161
2020-11-28,Article Count,2
2020-11-28,Total Monitored Articles,260516
2020-11-29,Article Count,0
2020-11-29,Total Monitored Articles,245823
2020-11-30,Article Count,6
2020-11-30,Total Monitored Articles,404039
2020-12-01,Article Count,6
2020-12-01,Total Monitored Articles,445234
2020-12-02,Article Count,2
2020-12-02,Total Monitored Articles,451967
2020-12-03,Article Count,5
2020-12-03,Total Monitored Articles,449534
2020-12-04,Article Count,10
2020-12-04,Total Monitored Articles,423831
2020-12-05,Article Count,2
2020-12-05,Total Monitored Articles,269516
2020-12-06,Article Count,1
2020-12-06,Total Monitored Articles,244888
2020-12-07,Article Count,3
2020-12-07,Total Monitored Articles,399530
2020-12-08,Article Count,5
2020-12-08,Total Monitored Articles,434832
2020-12-09,Article Count,2
2020-12-09,Total Monitored Articles,453379
2020-12-10,Article Count,1
2020-12-10,Total Monitored Articles,451106
2020-12-11,Article Count,5
2020-12-11,Total Monitored Articles,432311
2020-12-12,Article Count,0
2020-12-12,Total Monitored Articles,279784
2020-12-13,Article Count,1
2020-12-13,Total Monitored Articles,242656
2020-12-14,Article Count,0
2020-12-14,Total Monitored Articles,388462
2020-12-15,Article Count,11
2020-12-15,Total Monitored Articles,433473
2020-12-16,Article Count,5
2020-12-16,Total Monitored Articles,435856
2020-12-17,Article Count,3
2020-12-17,Total Monitored Articles,433762
2020-12-18,Article Count,5
2020-12-18,Total Monitored Articles,408678
2020-12-19,Article Count,0
2020-12-19,Total Monitored Articles,261458
2020-12-20,Article Count,0
2020-12-20,Total Monitored Articles,235551
2020-12-21,Article Count,3
2020-12-21,Total Monitored Articles,380622
2020-12-22,Article Count,4
2020-12-22,Total Monitored Articles,402524
2020-12-23,Article Count,3
2020-12-23,Total Monitored Articles,396345
2020-12-24,Article Count,4
2020-12-24,Total Monitored Articles,330134
2020-12-25,Article Count,0
2020-12-25,Total Monitored Articles,237628
2020-12-26,Article Count,0
2020-12-26,Total Monitored Articles,211666
2020-12-27,Article Count,0
2020-12-27,Total Monitored Articles,218056
2020-12-28,Article Count,1
2020-12-28,Total Monitored Articles,339509
2020-12-29,Article Count,1
2020-12-29,Total Monitored Articles,368946
2020-12-30,Article Count,3
2020-12-30,Total Monitored Articles,370147
2020-12-31,Article Count,3
2020-12-31,Total Monitored Articles,321992
2021-01-01,Article Count,0
2021-01-01,Total Monitored Articles,231089
2021-01-02,Article Count,0
2021-01-02,Total Monitored Articles,218342
2021-01-03,Article Count,0
2021-01-03,Total Monitored Articles,218408
2021-01-04,Article Count,2
2021-01-04,Total Monitored Articles,359283
2021-01-05,Article Count,4
2021-01-05,Total Monitored Articles,395722
2021-01-06,Article Count,6
2021-01-06,Total Monitored Articles,390565
2021-01-07,Article Count,8
2021-01-07,Total Monitored Articles,407743
2021-01-08,Article Count,9
2021-01-08,Total Monitored Articles,391721
2021-01-09,Article Count,3
2021-01-09,Total Monitored Articles,260446
2021-01-10,Article Count,0
2021-01-10,Total Monitored Articles,232354
2021-01-11,Article Count,4
2021-01-11,Total Monitored Articles,386901
2021-01-12,Article Count,4
2021-01-12,Total Monitored Articles,423924
2021-01-13,Article Count,23
2021-01-13,Total Monitored Articles,437044
2021-01-14,Article Count,17
2021-01-14,Total Monitored Articles,431183
2021-01-15,Article Count,0
2021-01-15,Total Monitored Articles,414351
2021-01-16,Article Count,2
2021-01-16,Total Monitored Articles,262202
2021-01-17,Article Count,0
2021-01-17,Total Monitored Articles,237681
2021-01-18,Article Count,9
2021-01-18,Total Monitored Articles,376283
2021-01-19,Article Count,13
2021-01-19,Total Monitored Articles,416507
2021-01-20,Article Count,4
2021-01-20,Total Monitored Articles,430952
2021-01-21,Article Count,10
2021-01-21,Total Monitored Articles,426349
2021-01-22,Article Count,5
2021-01-22,Total Monitored Articles,412078
2021-01-23,Article Count,0
2021-01-23,Total Monitored Articles,260208
2021-01-24,Article Count,1
2021-01-24,Total Monitored Articles,233228
2021-01-25,Article Count,6
2021-01-25,Total Monitored Articles,392007
2021-01-26,Article Count,2
2021-01-26,Total Monitored Articles,425535
2021-01-27,Article Count,4
2021-01-27,Total Monitored Articles,439973
2021-01-28,Article Count,9
2021-01-28,Total Monitored Articles,439009
2021-01-29,Article Count,11
2021-01-29,Total Monitored Articles,417688
2021-01-30,Article Count,1
2021-01-30,Total Monitored Articles,265908
2021-01-31,Article Count,0
2021-01-31,Total Monitored Articles,248519
2021-02-01,Article Count,5
2021-02-01,Total Monitored Articles,401219
2021-02-02,Article Count,4
2021-02-02,Total Monitored Articles,431507
2021-02-03,Article Count,8
2021-02-03,Total Monitored Articles,433379
2021-02-04,Article Count,14
2021-02-04,Total Monitored Articles,415419
2021-02-05,Article Count,6
2021-02-05,Total Monitored Articles,412610
2021-02-06,Article Count,1
2021-02-06,Total Monitored Articles,259619
2021-02-07,Article Count,2
2021-02-07,Total Monitored Articles,238624
2021-02-08,Article Count,7
2021-02-08,Total Monitored Articles,387385
2021-02-09,Article Count,0
2021-02-09,Total Monitored Articles,426043
2021-02-10,Article Count,8
2021-02-10,Total Monitored Articles,423172
2021-02-11,Article Count,3
2021-02-11,Total Monitored Articles,405330
2021-02-12,Article Count,5
2021-02-12,Total Monitored Articles,383719
2021-02-13,Article Count,1
2021-02-13,Total Monitored Articles,259387
2021-02-14,Article Count,0
2021-02-14,Total Monitored Articles,236759
2021-02-15,Article Count,4
2021-02-15,Total Monitored Articles,353226
2021-02-16,Article Count,2
2021-02-16,Total Monitored Articles,393531
2021-02-17,Article Count,9
2021-02-17,Total Monitored Articles,419319
2021-02-18,Article Count,6
2021-02-18,Total Monitored Articles,428304
2021-02-19,Article Count,0
2021-02-19,Total Monitored Articles,409264
2021-02-20,Article Count,0
2021-02-20,Total Monitored Articles,271186
2021-02-21,Article Count,1
2021-02-21,Total Monitored Articles,232090
2021-02-22,Article Count,5
2021-02-22,Total Monitored Articles,378007
2021-02-23,Article Count,4
2021-02-23,Total Monitored Articles,412579
2021-02-24,Article Count,9
2021-02-24,Total Monitored Articles,427161
2021-02-25,Article Count,8
2021-02-25,Total Monitored Articles,428203
2021-02-26,Article Count,2
2021-02-26,Total Monitored Articles,409406
2021-02-27,Article Count,1
2021-02-27,Total Monitored Articles,259889
2021-02-28,Article Count,1
2021-02-28,Total Monitored Articles,229907
2021-03-01,Article Count,3
2021-03-01,Total Monitored Articles,389441
2021-03-02,Article Count,3
2021-03-02,Total Monitored Articles,422417
2021-03-03,Article Count,4
2021-03-03,Total Monitored Articles,430153
2021-03-04,Article Count,5
2021-03-04,Total Monitored Articles,424090
2021-03-05,Article Count,1
2021-03-05,Total Monitored Articles,404974
2021-03-06,Article Count,3
2021-03-06,Total Monitored Articles,258775
2021-03-07,Article Count,1
2021-03-07,Total Monitored Articles,233522
2021-03-08,Article Count,2
2021-03-08,Total Monitored Articles,374748
2021-03-09,Article Count,2
2021-03-09,Total Monitored Articles,417682
2021-03-10,Article Count,3
2021-03-10,Total Monitored Articles,425267
2021-03-11,Article Count,2
2021-03-11,Total Monitored Articles,425476
2021-03-12,Article Count,5
2021-03-12,Total Monitored Articles,400563
2021-03-13,Article Count,0
2021-03-13,Total Monitored Articles,254595
2021-03-14,Article Count,0
2021-03-14,Total Monitored Articles,230628
2021-03-15,Article Count,2
2021-03-15,Total Monitored Articles,392200
2021-03-16,Article Count,0
2021-03-16,Total Monitored Articles,418834
2021-03-17,Article Count,1
2021-03-17,Total Monitored Articles,426273
2021-03-18,Article Count,4
2021-03-18,Total Monitored Articles,415973
2021-03-19,Article Count,1
2021-03-19,Total Monitored Articles,397271
2021-03-20,Article Count,1
2021-03-20,Total Monitored Articles,249955
2021-03-21,Article Count,1
2021-03-21,Total Monitored Articles,226753
2021-03-22,Article Count,3
2021-03-22,Total Monitored Articles,384572
2021-03-23,Article Count,8
2021-03-23,Total Monitored Articles,420660
2021-03-24,Article Count,8
2021-03-24,Total Monitored Articles,422002
2021-03-25,Article Count,2
2021-03-25,Total Monitored Articles,425408
2021-03-26,Article Count,2
2021-03-26,Total Monitored Articles,405401
2021-03-27,Article Count,1
2021-03-27,Total Monitored Articles,252157
2021-03-28,Article Count,1
2021-03-28,Total Monitored Articles,227962
2021-03-29,Article Count,5
2021-03-29,Total Monitored Articles,376131
2021-03-30,Article Count,4
2021-03-30,Total Monitored Articles,416220
2021-03-31,Article Count,0
2021-03-31,Total Monitored Articles,423604
2021-04-01,Article Count,1
2021-04-01,Total Monitored Articles,402365
2021-04-02,Article Count,1
2021-04-02,Total Monitored Articles,340309
2021-04-03,Article Count,0
2021-04-03,Total Monitored Articles,232977
2021-04-04,Article Count,0
2021-04-04,Total Monitored Articles,211641
2021-04-05,Article Count,0
2021-04-05,Total Monitored Articles,318343
2021-04-06,Article Count,6
2021-04-06,Total Monitored Articles,397183
2021-04-07,Article Count,0
2021-04-07,Total Monitored Articles,414740
2021-04-08,Article Count,7
2021-04-08,Total Monitored Articles,407848
2021-04-09,Article Count,14
2021-04-09,Total Monitored Articles,390248
2021-04-10,Article Count,1
2021-04-10,Total Monitored Articles,247005
2021-04-11,Article Count,0
2021-04-11,Total Monitored Articles,226188
2021-04-12,Article Count,4
2021-04-12,Total Monitored Articles,380105
2021-04-13,Article Count,2
2021-04-13,Total Monitored Articles,407615
2021-04-14,Article Count,2
2021-04-14,Total Monitored Articles,405065
2021-04-15,Article Count,6
2021-04-15,Total Monitored Articles,408883
2021-04-16,Article Count,6
2021-04-16,Total Monitored Articles,391221
2021-04-17,Article Count,1
2021-04-17,Total Monitored Articles,242394
2021-04-18,Article Count,1
2021-04-18,Total Monitored Articles,222834
2021-04-19,Article Count,0
2021-04-19,Total Monitored Articles,378187
2021-04-20,Article Count,13
2021-04-20,Total Monitored Articles,409399
2021-04-21,Article Count,2
2021-04-21,Total Monitored Articles,403666
2021-04-22,Article Count,1
2021-04-22,Total Monitored Articles,416210
2021-04-23,Article Count,2
2021-04-23,Total Monitored Articles,387641
2021-04-24,Article Count,1
2021-04-24,Total Monitored Articles,246439
2021-04-25,Article Count,2
2021-04-25,Total Monitored Articles,227957
2021-04-26,Article Count,1
2021-04-26,Total Monitored Articles,380105
2021-04-27,Article Count,1
2021-04-27,Total Monitored Articles,403525
2021-04-28,Article Count,4
2021-04-28,Total Monitored Articles,408538
2021-04-29,Article Count,0
2021-04-29,Total Monitored Articles,410524
2021-04-30,Article Count,1
2021-04-30,Total Monitored Articles,379361
2021-05-01,Article Count,0
2021-05-01,Total Monitored Articles,234433
